campID,campName,campAbrv,campDesc,campGradeReq
1,animalDiscoveries,AD,String,0
2,sensesAndDefenses,SAD,String,"1, 2"
3,pollinatorPower,PP,String,"1, 2"
4,archaeologyAdventures,AA,String,"3, 4"
5,catchingCritters,CC,String,"3, 4"
6,hanginWithTheBirds,HWTB,String,"5, 6"
7,natureBiker,NB,String,"5, 6"
8,natureArt,NA,String,"5, 6"
9,naturePhotography,NP,String,"5, 6"
10,adventureBiker,AB,String,7
11,falconryAndRaptors,FAR,String,7
12,naturePhotography,NP,String,7
13,quarryHillsAmazingRace,QHAR,String,7
14,wildCavingDay,WCD,String,7
15,crazyCrayfish,CCF,String,7
16,woodWorkingForWildLife,WWFWL,String,7
17,kayakPaddleDay,KPD,String,8
