emergencyID,firstName,lastName,phoneNumber,relation
1,Avan,Cuevas,5072511000,parent
2,Claude,Sharp,5072511001,grandparent
3,Sullivan,Johnston,5072511002,parent
4,Wade,Chambers,5072511003,grandparent
5,Amelia,Crosby,5072511004,parent
6,Blaise,Underwood,5072511005,grandparent
7,Evony,Buckley,5072511006,parent
8,Jack,Aguirre,5072511007,grandparent
9,Erin,Clark,5072511008,parent
10,Sharon,Gonzalez,5072511009,grandparent
11,Noah,Ware,5072511010,parent
12,Oren,Fitzpatrick,5072511011,grandparent
13,Dominick,Juarez,5072511012,parent
14,Blake,Bartlett,5072511013,grandparent
15,Isaac,Castaneda,5072511014,parent
16,Juan,Koch,5072511015,grandparent
17,Taylore,Lutz,5072511016,parent
18,William,Brock,5072511017,grandparent
19,Paul,Hernandez,5072511018,parent
20,Nicolas,Levy,5072511019,grandparent
21,Finn,Sutton,5072511020,parent
22,Marguerite,King,5072511021,grandparent
23,Clementine,Castro,5072511022,parent
24,Isaiah,Glenn,5072511023,grandparent
25,Jasper,Hodges,5072511024,parent
26,Charles,Church,5072511025,grandparent
27,Lane,Stevens,5072511026,parent
28,Orlando,Weber,5072511027,grandparent
29,Karilyn,Harrell,5072511028,parent
30,Bailee,Donaldson,5072511029,grandparent
31,Meaghan,Preston,5072511030,parent
32,Natalie,Atkins,5072511031,grandparent
33,Ace,Morse,5072511032,parent
34,Robert,Gallegos,5072511033,grandparent
35,Robin,Murillo,5072511034,parent
36,Evelyn,Lucero,5072511035,grandparent
37,Aryn,Sosa,5072511036,parent
38,Hyrum,Huffman,5072511037,grandparent
39,Neil,Hester,5072511038,parent
40,Mirabel,Mathis,5072511039,grandparent
41,Merle,Santana,5072511040,parent
42,Love,Carrillo,5072511041,grandparent
43,Josiah,Maynard,5072511042,parent
44,Damien,Floyd,5072511043,grandparent
45,Alice,Vargas,5072511044,parent
46,Elijah,Terrell,5072511045,grandparent
47,Georgina,Booth,5072511046,parent
48,Harriet,Glover,5072511047,grandparent
49,Madeleine,Mayer,5072511048,parent
50,Gillian,Hudson,5072511049,grandparent
51,Eloise,Anderson,5072511050,parent
52,Ellen,Blanchard,5072511051,grandparent
53,Kathryn,Knox,5072511052,parent
54,Chase,Bird,5072511053,grandparent
55,Tavian,Mcclain,5072511054,parent
56,Zion,Johnson,5072511055,grandparent
57,Shane,Harper,5072511056,parent
58,Tobias,Maldonado,5072511057,grandparent
59,Riley,Wyatt,5072511058,parent
60,Irene,Sawyer,5072511059,grandparent
61,Arden,Daniel,5072511060,parent
62,Dean,Malone,5072511061,grandparent
63,Jackson,Carroll,5072511062,parent
64,Henry,Kemp,5072511063,grandparent
65,Adele,Moody,5072511064,parent
66,Jude,Nielsen,5072511065,grandparent
67,Mae,Barnett,5072511066,parent
68,Korin,Guerra,5072511067,grandparent
69,Raine,Ramirez,5072511068,parent
70,Ashten,Krueger,5072511069,grandparent
71,Rene,Tapia,5072511070,parent
72,Blake,Ochoa,5072511071,grandparent
73,Payten,Webster,5072511072,parent
74,Ellison,Case,5072511073,grandparent
75,Will,Gibbs,5072511074,parent
76,Benjamin,Eaton,5072511075,grandparent
77,Vivian,Cochran,5072511076,parent
78,Naveen,Davis,5072511077,grandparent
79,Zane,Jacobs,5072511078,parent
80,Abe,Downs,5072511079,grandparent
81,Krystan,Mcdonald,5072511080,parent
82,Kalan,Williams,5072511081,grandparent
83,Reese,Grimes,5072511082,parent
84,Troy,Fry,5072511083,grandparent
85,Devon,Rangel,5072511084,parent
86,Nadeen,Dunn,5072511085,grandparent
87,Ryder,Patterson,5072511086,parent
88,Coy,Petersen,5072511087,grandparent
89,Emerson,Sanford,5072511088,parent
90,Bernice,Howard,5072511089,grandparent
91,Verena,Harvey,5072511090,parent
92,Ellice,Chang,5072511091,grandparent
93,Fawn,Mahoney,5072511092,parent
94,Claudia,Whitaker,5072511093,grandparent
95,Cameron,Fischer,5072511094,parent
96,Beck,Richardson,5072511095,grandparent
97,George,Roach,5072511096,parent
98,Bram,Sandoval,5072511097,grandparent
99,Lawrence,French,5072511098,parent
100,Grant,Freeman,5072511099,grandparent
101,Joan,Shaw,5072511100,parent
102,Anneliese,Decker,5072511101,grandparent
103,Sheridan,Brady,5072511102,parent
104,Annora,Shields,5072511103,grandparent
105,Brendon,Madden,5072511104,parent
106,Brooke,Woodward,5072511105,grandparent
107,Gabriel,Shannon,5072511106,parent
108,Rhett,Manning,5072511107,grandparent
109,Hollyn,Stanley,5072511108,parent
110,Kent,Black,5072511109,grandparent
111,Noel,Andersen,5072511110,parent
112,Jaidyn,Santiago,5072511111,grandparent
113,Lane,Cowan,5072511112,parent
114,Francis,Berry,5072511113,grandparent
115,Thomas,Simon,5072511114,parent
116,Caren,Bradford,5072511115,grandparent
117,Reagan,Powell,5072511116,parent
118,Felix,Chen,5072511117,grandparent
119,Oliver,Ho,5072511118,parent
120,Arthur,Harris,5072511119,grandparent
121,Brighton,Mata,5072511120,parent
122,Clark,Cox,5072511121,grandparent
123,Juliet,Ingram,5072511122,parent
124,Zoe,Wolf,5072511123,grandparent
125,Coralie,Cruz,5072511124,parent
126,Susannah,Griffith,5072511125,grandparent
127,Carelyn,Cunningham,5072511126,parent
128,Michael,Carrillo,5072511127,grandparent
129,Rory,Bradford,5072511128,parent
130,Berlynn,Horn,5072511129,grandparent
131,Julian,Cannon,5072511130,parent
132,Vincent,Richardson,5072511131,grandparent
133,Elias,Davies,5072511132,parent
134,Abraham,Kelley,5072511133,grandparent
135,Vanessa,Oneill,5072511134,parent
136,Aiden,Murphy,5072511135,grandparent
137,Denise,Fuller,5072511136,parent
138,Judd,Mcdonald,5072511137,grandparent
139,Breean,Gray,5072511138,parent
140,Justin,Aguirre,5072511139,grandparent
141,Miranda,West,5072511140,parent
142,Caylen,Gentry,5072511141,grandparent
143,Emeline,Conway,5072511142,parent
144,Haiden,Hines,5072511143,grandparent
145,Glenn,Ewing,5072511144,parent
146,Oscar,Hamilton,5072511145,grandparent
147,Drake,Castro,5072511146,parent
148,Hope,Moran,5072511147,grandparent
149,James,Mcgrath,5072511148,parent
150,Apollo,Castillo,5072511149,grandparent
151,Dante,Park,5072511150,parent
152,Preston,Mccormick,5072511151,grandparent
153,Vernon,Forbes,5072511152,parent
154,Naomi,Braun,5072511153,grandparent
155,Myron,Jefferson,5072511154,parent
156,Rosalind,Small,5072511155,grandparent
157,Dawn,Mccormick,5072511156,parent
158,Avery,Galloway,5072511157,grandparent
159,Linnea,Orr,5072511158,parent
160,Syllable,Zavala,5072511159,grandparent
161,Elein,Rivas,5072511160,parent
162,Seth,Wilkerson,5072511161,grandparent
163,Amity,Reilly,5072511162,parent
164,Coralie,Pacheco,5072511163,grandparent
165,Bailey,Mullen,5072511164,parent
166,Joanna,Chambers,5072511165,grandparent
167,Lilibeth,Washington,5072511166,parent
168,Harrison,Carlson,5072511167,grandparent
169,Coreen,Gentry,5072511168,parent
170,Fern,Esparza,5072511169,grandparent
171,Jane,Lucero,5072511170,parent
172,Louis,Leon,5072511171,grandparent
173,Tristan,Jimenez,5072511172,parent
174,Ellory,Guerra,5072511173,grandparent
175,Matilda,Arias,5072511174,parent
176,Nevin,Collins,5072511175,grandparent
177,Jacklyn,Mata,5072511176,parent
178,Hugh,Howard,5072511177,grandparent
179,Elodie,Schmidt,5072511178,parent
180,Trevor,Baird,5072511179,grandparent
181,Janetta,Hayes,5072511180,parent
182,Warren,Meadows,5072511181,grandparent
183,Kae,Day,5072511182,parent
184,Blair,Thompson,5072511183,grandparent
185,Julian,Wong,5072511184,parent
186,Sophia,Young,5072511185,grandparent
187,Quintin,Hamilton,5072511186,parent
188,Taye,Cantu,5072511187,grandparent
189,Jax,Aguilar,5072511188,parent
190,Carmden,Henderson,5072511189,grandparent
191,Kylie,Kerr,5072511190,parent
192,Byron,Floyd,5072511191,grandparent
193,Rayleen,Ortiz,5072511192,parent
194,Lillian,Pierce,5072511193,grandparent
195,Allison,Knapp,5072511194,parent
196,Blayne,Murphy,5072511195,grandparent
197,Ray,Case,5072511196,parent
198,David,Palmer,5072511197,grandparent
199,Trey,Bradley,5072511198,parent
200,Rose,Pacheco,5072511199,grandparent
201,Imogen,Mcmahon,5072511200,parent
202,Ocean,Hampton,5072511201,grandparent
203,Monteen,Bryant,5072511202,parent
204,Clelia,Bell,5072511203,grandparent
205,Kaitlin,Oneill,5072511204,parent
206,Dex,Browning,5072511205,grandparent
207,Rylie,Hoover,5072511206,parent
208,Kate,Snow,5072511207,grandparent
209,Luke,Riggs,5072511208,parent
210,Leo,Harrington,5072511209,grandparent
211,Silvia,Spencer,5072511210,parent
212,Debree,Wolfe,5072511211,grandparent
213,Leonie,Keith,5072511212,parent
214,Sutton,Hays,5072511213,grandparent
215,Zachary,Larsen,5072511214,parent
216,Julina,Donaldson,5072511215,grandparent
217,Brock,Chang,5072511216,parent
218,Candice,Garza,5072511217,grandparent
219,Anthony,Horn,5072511218,parent
220,Kai,Blair,5072511219,grandparent
221,Viola,Swanson,5072511220,parent
222,Bree,Sexton,5072511221,grandparent
223,Grey,Rowland,5072511222,parent
224,Dezi,Weeks,5072511223,grandparent
225,Heath,Cowan,5072511224,parent
226,Caprice,Taylor,5072511225,grandparent
227,Jolee,Bradley,5072511226,parent
228,Raven,Heath,5072511227,grandparent
229,Louisa,Thornton,5072511228,parent
230,Lee,Freeman,5072511229,grandparent
231,Suzan,Maldonado,5072511230,parent
232,Xavier,Stark,5072511231,grandparent
233,Sean,Hardy,5072511232,parent
234,Annabel,Vaughn,5072511233,grandparent
235,Aryn,Booker,5072511234,parent
236,Anise,Haney,5072511235,grandparent
237,Conrad,Fitzpatrick,5072511236,parent
238,Ricardo,Gray,5072511237,grandparent
239,Everett,Holland,5072511238,parent
240,Brandt,Cook,5072511239,grandparent
241,Murphy,Shepard,5072511240,parent
242,Carlen,Cox,5072511241,grandparent
243,Kingston,Glover,5072511242,parent
244,Marcellus,Glover,5072511243,grandparent
245,Cody,Schmidt,5072511244,parent
246,Bianca,Dickerson,5072511245,grandparent
247,Blanche,Mendez,5072511246,parent
248,Cash,Francis,5072511247,grandparent
249,Lashon,Peterson,5072511248,parent
250,Gregory,Harrell,5072511249,grandparent
251,Abigail,Abbott,5072511250,parent
252,Sue,Quinn,5072511251,grandparent
253,Lee,Cline,5072511252,parent
254,Doran,Sandoval,5072511253,grandparent
255,Jordon,Dominguez,5072511254,parent
256,Rebecca,Logan,5072511255,grandparent
257,Levi,Lopez,5072511256,parent
258,Carleen,Reed,5072511257,grandparent
259,Malachi,Newton,5072511258,parent
260,Aaron,Moran,5072511259,grandparent
261,Gavin,Wilcox,5072511260,parent
262,Madisen,Ali,5072511261,grandparent
263,Tyson,Carrillo,5072511262,parent
264,Lynn,Yu,5072511263,grandparent
265,Reeve,Weaver,5072511264,parent
266,Gwendolen,Weber,5072511265,grandparent
267,Lydon,Campbell,5072511266,parent
268,Dustin,Ramsey,5072511267,grandparent
269,Daniel,Quinn,5072511268,parent
270,Justice,Barnes,5072511269,grandparent
271,Drew,Melton,5072511270,parent
272,Sherleen,Garza,5072511271,grandparent
273,Garrison,Wang,5072511272,parent
274,Jae,Sandoval,5072511273,grandparent
275,Denver,Conley,5072511274,parent
276,Edward,Villanueva,5072511275,grandparent
277,June,Berger,5072511276,parent
278,Marcella,Sheppard,5072511277,grandparent
279,Eli,Whitney,5072511278,parent
280,Ann,Sims,5072511279,grandparent
281,Dash,Davis,5072511280,parent
282,Tanner,Compton,5072511281,grandparent
283,Jeremy,Mahoney,5072511282,parent
284,Miriam,Wilson,5072511283,grandparent
285,Adelaide,Patterson,5072511284,parent
286,Jared,Galvan,5072511285,grandparent
287,Damon,Esparza,5072511286,parent
288,Lucinda,Stanley,5072511287,grandparent
289,Porter,Fields,5072511288,parent
290,Olive,Sawyer,5072511289,grandparent
291,Cerise,Hunt,5072511290,parent
292,Joseph,Castro,5072511291,grandparent
293,Randall,Gaines,5072511292,parent
294,Varian,Payne,5072511293,grandparent
295,Selene,Singleton,5072511294,parent
296,Timothy,Romero,5072511295,grandparent
297,Caleb,Santiago,5072511296,parent
298,Brett,Whitaker,5072511297,grandparent
299,Fernando,Peters,5072511298,parent
300,Matteo,Stuart,5072511299,grandparent
301,Kae,Peck,5072511300,parent
302,Randall,Carlson,5072511301,grandparent
303,Abe,Sellers,5072511302,parent
304,Hyrum,Underwood,5072511303,grandparent
305,Fernando,Bishop,5072511304,parent
306,Levi,Mcpherson,5072511305,grandparent
307,Lane,Brady,5072511306,parent
308,Lashon,Baxter,5072511307,grandparent
309,Payten,Castillo,5072511308,parent
310,Doran,Galloway,5072511309,grandparent
311,Garrison,Wise,5072511310,parent
312,Amity,Travis,5072511311,grandparent
313,Lydon,Bruce,5072511312,parent
314,Jolee,Freeman,5072511313,grandparent
315,Kingston,Stuart,5072511314,parent
316,Arthur,Frost,5072511315,grandparent
317,Joan,Vang,5072511316,parent
318,Damien,Jenkins,5072511317,grandparent
319,Coreen,Romero,5072511318,parent
320,Vincent,Wheeler,5072511319,grandparent
321,Dawn,Roberson,5072511320,parent
322,Heath,Maynard,5072511321,grandparent
323,Zane,Davenport,5072511322,parent
324,Erin,Conner,5072511323,grandparent
325,Julina,Garcia,5072511324,parent
326,Raine,Hampton,5072511325,grandparent
327,Imogen,Cardenas,5072511326,parent
328,Claude,Summers,5072511327,grandparent
329,Haiden,Brooks,5072511328,parent
330,Lynn,Jordan,5072511329,grandparent
331,Harriet,Montgomery,5072511330,parent
332,Kylie,Gill,5072511331,grandparent
333,Selene,Chandler,5072511332,parent
334,Juan,Hamilton,5072511333,grandparent
335,Carlen,Moreno,5072511334,parent
336,David,Reed,5072511335,grandparent
337,Francis,Curtis,5072511336,parent
338,Arden,Richardson,5072511337,grandparent
339,Brett,Hurley,5072511338,parent
340,Justin,Cox,5072511339,grandparent
341,Rene,Alexander,5072511340,parent
342,Harrison,Lynn,5072511341,grandparent
343,Lane,Adams,5072511342,parent
344,Blake,Walton,5072511343,grandparent
345,Adele,Cohen,5072511344,parent
346,Justice,Horne,5072511345,grandparent
347,Preston,Curry,5072511346,parent
348,Syllable,Hall,5072511347,grandparent
349,Lillian,Sims,5072511348,parent
350,Viola,Chase,5072511349,grandparent
351,Noah,Schmitt,5072511350,parent
352,Blaise,Zhang,5072511351,grandparent
353,Berlynn,Sims,5072511352,parent
354,Rory,Tyler,5072511353,grandparent
355,Rayleen,Hendrix,5072511354,parent
356,Zoe,Chang,5072511355,grandparent
357,Annora,Allen,5072511356,parent
358,Natalie,Dudley,5072511357,grandparent
359,Georgina,Romero,5072511358,parent
360,Gabriel,Tucker,5072511359,grandparent
361,Ellory,Chambers,5072511360,parent
362,Drake,Terry,5072511361,grandparent
363,Zion,Howard,5072511362,parent
364,Miriam,Townsend,5072511363,grandparent
365,Madisen,Dougherty,5072511364,parent
366,Sean,Greene,5072511365,grandparent
367,Tanner,Clayton,5072511366,parent
368,Jared,Hendrix,5072511367,grandparent
369,Ellison,Fox,5072511368,parent
370,Joseph,Pitts,5072511369,grandparent
371,Tavian,Morton,5072511370,parent
372,Allison,Roman,5072511371,grandparent
373,Clelia,Becker,5072511372,parent
374,Juliet,Crane,5072511373,grandparent
375,Thomas,Meyers,5072511374,parent
376,Bailee,Green,5072511375,grandparent
377,Annabel,Stark,5072511376,parent
378,Olive,Freeman,5072511377,grandparent
379,Caprice,Yang,5072511378,parent
380,Jaidyn,Whitney,5072511379,grandparent
381,Rosalind,Dudley,5072511380,parent
382,Orlando,Bonilla,5072511381,grandparent
383,Nadeen,Holden,5072511382,parent
384,Vivian,Bishop,5072511383,grandparent
385,Conrad,Barnett,5072511384,parent
386,Dean,York,5072511385,grandparent
387,Brighton,Mckay,5072511386,parent
388,Denver,Costa,5072511387,grandparent
389,Meaghan,Holder,5072511388,parent
390,Tobias,Yoder,5072511389,grandparent
391,Kate,Hess,5072511390,parent
392,Evelyn,Patton,5072511391,grandparent
393,Lilibeth,Yoder,5072511392,parent
394,Kai,Osborn,5072511393,grandparent
395,Noel,Harrington,5072511394,parent
396,Reese,Mcintyre,5072511395,grandparent
397,Jordon,Riley,5072511396,parent
398,Carmden,Cooley,5072511397,grandparent
399,Blayne,Huerta,5072511398,parent
400,Timothy,Wise,5072511399,grandparent
401,Clementine,Phillips,5072511400,parent
402,Aryn,Richards,5072511401,grandparent
403,Leo,Beard,5072511402,parent
404,Anneliese,Farmer,5072511403,grandparent
405,Kent,Bray,5072511404,parent
406,Jasper,Vazquez,5072511405,grandparent
407,Korin,King,5072511406,parent
408,Elein,Gamble,5072511407,grandparent
409,Robin,Boyle,5072511408,parent
410,Jane,Dickson,5072511409,grandparent
411,Will,Hubbard,5072511410,parent
412,Ace,Burton,5072511411,grandparent
413,Ellice,Gilbert,5072511412,parent
414,Isaac,Shea,5072511413,grandparent
415,Trevor,Moody,5072511414,parent
416,Alice,Sharp,5072511415,grandparent
417,Anthony,Shaffer,5072511416,parent
418,Reagan,Herman,5072511417,grandparent
419,Charles,Mcgee,5072511418,parent
420,Clark,Meyers,5072511419,grandparent
421,Matilda,Bailey,5072511420,parent
422,Rose,Goodwin,5072511421,grandparent
423,Naveen,Ramirez,5072511422,parent
424,Hope,Larsen,5072511423,grandparent
425,Dante,Padilla,5072511424,parent
426,Jax,Pugh,5072511425,grandparent
427,Varian,Fitzpatrick,5072511426,parent
428,Fawn,Cochran,5072511427,grandparent
429,Mae,Hall,5072511428,parent
430,Nicolas,Porter,5072511429,grandparent
431,Hugh,Manning,5072511430,parent
432,Tyson,Steele,5072511431,grandparent
433,Aiden,Molina,5072511432,parent
434,Dex,Patton,5072511433,grandparent
435,Sue,Lynn,5072511434,parent
436,Suzan,Lawrence,5072511435,grandparent
437,Silvia,Hernandez,5072511436,parent
438,Madeleine,Logan,5072511437,grandparent
439,Taye,Woodard,5072511438,parent
440,Brandt,Bass,5072511439,grandparent
441,Shane,Mcknight,5072511440,parent
442,Reeve,Levy,5072511441,grandparent
443,Judd,Braun,5072511442,parent
444,Malachi,Frey,5072511443,grandparent
445,Cody,Arellano,5072511444,parent
446,Jeremy,Newman,5072511445,grandparent
447,Sutton,Logan,5072511446,parent
448,Quintin,Delgado,5072511447,grandparent
449,Devon,Bauer,5072511448,parent
450,Coy,Booker,5072511449,grandparent
451,Louisa,Marsh,5072511450,parent
452,Caleb,Donovan,5072511451,grandparent
453,Tristan,Wagner,5072511452,parent
454,Janetta,Santana,5072511453,grandparent
455,Lee,Galloway,5072511454,parent
456,Felix,Petersen,5072511455,grandparent
457,Gavin,James,5072511456,parent
458,Blake,Raymond,5072511457,grandparent
459,Javan,Shea,5072511458,parent
460,Ellen,Schmitt,5072511459,grandparent
461,Lawrence,Dyer,5072511460,parent
462,Taylore,Mcknight,5072511461,grandparent
463,Breean,Waller,5072511462,parent
464,Brendon,Acosta,5072511463,grandparent
465,Gregory,Harrington,5072511464,parent
466,Jackson,Potter,5072511465,grandparent
467,Ocean,Jensen,5072511466,parent
468,Emeline,Cameron,5072511467,grandparent
469,Kalan,Hays,5072511468,parent
470,Naomi,Michael,5072511469,grandparent
471,Miranda,Aguilar,5072511470,parent
472,Rebecca,Long,5072511471,grandparent
473,Jae,Stafford,5072511472,parent
474,Kaitlin,Douglas,5072511473,grandparent
475,Marcellus,Taylor,5072511474,parent
476,Bernice,Rosales,5072511475,grandparent
477,Gwendolen,Wilkins,5072511476,parent
478,Ricardo,Quinn,5072511477,grandparent
479,Blair,Ortega,5072511478,parent
480,Gillian,Werner,5072511479,grandparent
481,Julian,Dunn,5072511480,parent
482,Oliver,Duran,5072511481,grandparent
483,Paul,Hoffman,5072511482,parent
484,Amelia,Clayton,5072511483,grandparent
485,Glenn,Sparks,5072511484,parent
486,Bianca,Harding,5072511485,grandparent
487,Blanche,Everett,5072511486,parent
488,Evony,Poole,5072511487,grandparent
489,Joanna,Khan,5072511488,parent
490,Ryder,Cochran,5072511489,grandparent
491,Claudia,Park,5072511490,parent
492,Edward,Fitzpatrick,5072511491,grandparent
493,Neil,Hughes,5072511492,parent
494,Aryn,Gomez,5072511493,grandparent
495,George,Gill,5072511494,parent
496,Susannah,Whitney,5072511495,grandparent
497,Elodie,Winters,5072511496,parent
498,Linnea,Ochoa,5072511497,grandparent
499,Sherleen,Farrell,5072511498,parent
